{"noiseKey":{"private":{"type":"Buffer","data":"UNPPJFFcjpVZzqk+kjt93pkEZ94edz5OThbNDvVjiEY="},"public":{"type":"Buffer","data":"9SXRwzOIwLYaJJu3LVcDh7Z9bU2uU7N922WzX8KaY1Q="}},"signedIdentityKey":{"private":{"type":"Buffer","data":"WJBdNGPF1CIjHKG6UcFIVn7EZwsoGjVpr+p+fKcSEF4="},"public":{"type":"Buffer","data":"cJ/13fhvu00S52SKftVYZGZ3lBFQAtiya6ZwEjoUfm8="}},"signedPreKey":{"keyPair":{"private":{"type":"Buffer","data":"8NWv3on8JnLdV4CkbYxhXVdGoyGMxfx/rLpLXFWJIE8="},"public":{"type":"Buffer","data":"6+ocSZxhUMpjpBXDvDzHdjBGjDDZvDP/HFRQchlMJBY="}},"signature":{"type":"Buffer","data":"r1cZTzH3uGhryv64DJBbiFGaJQQg9H5mKY7fOrXYsXtKhZUTxopBQxx6/8C3HLbavERedhrFjtCOna624zFBjA=="},"keyId":1},"registrationId":74,"advSecretKey":"3ccXcf3MmEY7h0dIQDWzwWSi2WbQ4daOPazsMu+1LKY=","processedHistoryMessages":[{"key":{"remoteJid":"6287763408272@s.whatsapp.net","fromMe":true,"id":"2D5957933B6BFE9CD191C7C57F4F8F78"},"messageTimestamp":1713020729},{"key":{"remoteJid":"6287763408272@s.whatsapp.net","fromMe":true,"id":"AD04E8698D34496CE743FCAB02450B6D"},"messageTimestamp":1713020729},{"key":{"remoteJid":"6287763408272@s.whatsapp.net","fromMe":true,"id":"45755BCD2873D50B41FD706B61BE0AF3"},"messageTimestamp":1713020732},{"key":{"remoteJid":"6287763408272@s.whatsapp.net","fromMe":true,"id":"E92D4B93C0986B0B8CB970B880F4C2EC"},"messageTimestamp":1713020732}],"nextPreKeyId":31,"firstUnuploadedPreKeyId":31,"accountSyncCounter":1,"accountSettings":{"unarchiveChats":false},"account":{"details":"CN/jhPoBELS+6rAGGAEgACgA","accountSignatureKey":"kYroL2YcfkUaTE411xipL6ELpglVELM4Bcm2ZiUXTxU=","accountSignature":"5pAdEH9UFlxoHRUHTiHC1ys968tuZdy2Y4uVa475KEsNJJQQKJR9cPRZClyWBlRXYJSPOjpOWQQuw6g9BnwyAQ==","deviceSignature":"OMM/MvSiZ2ix79o2QXbznowg+M/iCoJxjUO/mNCihiqdL8oBRf78ARkbw7v8PpJELRAHUa4CPaQWPMsc74sQiQ=="},"me":{"id":"6287763408272:2@s.whatsapp.net","name":"Ai"},"signalIdentities":[{"identifier":{"name":"6287763408272:2@s.whatsapp.net","deviceId":0},"identifierKey":{"type":"Buffer","data":"BZGK6C9mHH5FGkxONdcYqS+hC6YJVRCzOAXJtmYlF08V"}}],"platform":"android","lastAccountSyncTimestamp":1713021807,"myAppStateKeyId":"AAAAACe5"}