{"_sessions":{"BRg8DAfN87oriNstFrVikuJZXVk1a+LHxXCAwRWrrfoO":{"registrationId":1049870799,"currentRatchet":{"ephemeralKeyPair":{"pubKey":"BRsrsoT+Vjg5pMQT9p+tNn8XuDMH2Vd2fnqBTMqClKUJ","privKey":"CB1r6ESSguCX/2QYj7WxVohWGkufkwQJPrnGoSsnsGg="},"lastRemoteEphemeralKey":"BVriJnhHNuyBQxhy+lcHRpuUdAt4glTVEVoXYQxzhWM2","previousCounter":0,"rootKey":"NfwXPlVlwfEwnukS2v/iBYvtUi4XQFz8bVEp62Sho/s="},"indexInfo":{"baseKey":"BRg8DAfN87oriNstFrVikuJZXVk1a+LHxXCAwRWrrfoO","baseKeyType":2,"closed":-1,"used":1713020729331,"created":1713020729331,"remoteIdentityKey":"BZGK6C9mHH5FGkxONdcYqS+hC6YJVRCzOAXJtmYlF08V"},"_chains":{"BVriJnhHNuyBQxhy+lcHRpuUdAt4glTVEVoXYQxzhWM2":{"chainKey":{"counter":7,"key":"G0GaOKoHz9Uu53a1N1k5Pm2/gcnwOUAUwOtl4NR94tM="},"chainType":2,"messageKeys":{}},"BRsrsoT+Vjg5pMQT9p+tNn8XuDMH2Vd2fnqBTMqClKUJ":{"chainKey":{"counter":12,"key":"J3lZ94Rod263n55Rq2nmRy8iXqlYONZNqdrm7EOxcSM="},"chainType":1,"messageKeys":{}}}}},"version":"v1"}