{"_sessions":{"BewcKvvpJT/hmMdoYOK61Pue2yQwLn3948D8UyqFVdoe":{"registrationId":1966026718,"currentRatchet":{"ephemeralKeyPair":{"pubKey":"BWFcfLbcLjH1QbW+kjVB/wDjMxGg7DeCg1b+BwDbS3du","privKey":"iGXroW6EJZ1kacah7e5kBreiE5m5BCkTtb2uR12U53s="},"lastRemoteEphemeralKey":"Bbc/oywyoe/XV5XzwHPqbmAqb6v9fojCHV+RzeIhKNcD","previousCounter":0,"rootKey":"R7H5EVEvvqqwyqDAbSZiYUaUquAiFS1VP8lMCZNs5YE="},"indexInfo":{"baseKey":"BewcKvvpJT/hmMdoYOK61Pue2yQwLn3948D8UyqFVdoe","baseKeyType":1,"closed":-1,"used":1713020825928,"created":1713020825928,"remoteIdentityKey":"BVKva2iJOAXXEIEEodXiEYllkPU9pykQ6Hg5H6y1kNUI"},"_chains":{"BWFcfLbcLjH1QbW+kjVB/wDjMxGg7DeCg1b+BwDbS3du":{"chainKey":{"counter":12,"key":"371SMUK/wU7bPadyqkxeCgNe0jeOy37IUaC9uE1Grdk="},"chainType":1,"messageKeys":{}}},"pendingPreKey":{"signedKeyId":2,"baseKey":"BewcKvvpJT/hmMdoYOK61Pue2yQwLn3948D8UyqFVdoe","preKeyId":6186174}}},"version":"v1"}