{"_sessions":{"BfTCNZajqqXy2NmQKT7wBspdhIbawfmfcpX3l3kmo7l7":{"registrationId":14749,"currentRatchet":{"ephemeralKeyPair":{"pubKey":"BX2eyE+VEHCuc2wIxIET8y2qQIC5icrqceAI5cWa61sb","privKey":"KOAMwZM4e2RqKRP3SemqBzS42e3Vg0dcxTDtgC2FKVE="},"lastRemoteEphemeralKey":"BXgOkDiUW72PTFdW8K6pUJoxp4Z7R0s7JFOcY8WxB5xp","previousCounter":11,"rootKey":"j5TMeShpO4Uh3CEqpSuHV9c3O07HZFZuTYgWMm3MZCo="},"indexInfo":{"baseKey":"BfTCNZajqqXy2NmQKT7wBspdhIbawfmfcpX3l3kmo7l7","baseKeyType":2,"closed":-1,"used":1713022173043,"created":1713020825250,"remoteIdentityKey":"BSDoWEnZJOXLIqua9RL8FOWfWCm+SRBdrmYmDDQLOO8C"},"_chains":{"BZ6+hLUZfii7BmCrLyIwq48x543uo1EelprIPD59Ik5V":{"chainKey":{"counter":0},"chainType":2,"messageKeys":{}},"BXgOkDiUW72PTFdW8K6pUJoxp4Z7R0s7JFOcY8WxB5xp":{"chainKey":{"counter":0,"key":"czxJ8rLOsQa4GMyRIsQ01MOlUEzV37zBNkXNnMlx1NY="},"chainType":2,"messageKeys":{}},"BX2eyE+VEHCuc2wIxIET8y2qQIC5icrqceAI5cWa61sb":{"chainKey":{"counter":0,"key":"UQ8du2K8P6rFnQd4O3V3yTgAsWn/RbaVUDPbZchYmuM="},"chainType":1,"messageKeys":{}}}}},"version":"v1"}