{"_sessions":{"BVkGkp/IA/D/yGB+wKgTwbQNOElvuPvrswSeuzpZgEwP":{"registrationId":1750550496,"currentRatchet":{"ephemeralKeyPair":{"pubKey":"Bf7qMJrsoeFXk1mGkM6ceQH3or2qgvRKXnU5FoMS/CIT","privKey":"EDCKuN810Q8iqJwWKGQMwM+POhZZvD92M1AUkpGQDXI="},"lastRemoteEphemeralKey":"BaJM8ylZzSJ0/skKxeYlGnJTfHc6MIWdUBWg5L47KHZq","previousCounter":0,"rootKey":"6kgBCiXF4ARoNScUMoN1pJzje9NccwO6X9vyJdoIgnc="},"indexInfo":{"baseKey":"BVkGkp/IA/D/yGB+wKgTwbQNOElvuPvrswSeuzpZgEwP","baseKeyType":1,"closed":1713021898355,"used":1713021896610,"created":1713020825933,"remoteIdentityKey":"BUX38MlH+tEYliWYs2vL2ZmCboBJCyTgTA/ZZa4trHR3"},"_chains":{"BexS9LtpEyEU19Tx/OZVzGW/wSToG8EitFGzFep2BI9n":{"chainKey":{"counter":0},"chainType":2,"messageKeys":{}},"Bf2yfOrSW2lBR7UiWyaAm/FazPkvl7W7p79tQYhW8nh1":{"chainKey":{"counter":0},"chainType":2,"messageKeys":{}},"BRqW8ryIqr27y8XrcG1LCKjz4EdyzXoakWg0F29WeZUF":{"chainKey":{"counter":0},"chainType":2,"messageKeys":{}},"BdFkscCRlS/FZkdkA1HcU+lgsUQvmf0/5qRkMLtl8LB+":{"chainKey":{"counter":0},"chainType":2,"messageKeys":{}},"Bf2wMkwYtBPG0sgPnkGk5KP340KRpR5/dbFKJmf1ieIY":{"chainKey":{"counter":0},"chainType":2,"messageKeys":{}},"BaJM8ylZzSJ0/skKxeYlGnJTfHc6MIWdUBWg5L47KHZq":{"chainKey":{"counter":0,"key":"FWizWl4OXjgR5FDz2GhZvr8My7dWPxPcrSaVpVN/feg="},"chainType":2,"messageKeys":{}},"Bf7qMJrsoeFXk1mGkM6ceQH3or2qgvRKXnU5FoMS/CIT":{"chainKey":{"counter":-1,"key":"i+ZAwgFaJbFMIifK+vEju8CUInayByH9Hxu8KPiwOdY="},"chainType":1,"messageKeys":{}}}},"BWFYdbmDpbNFgdgm0fPmZYXPxggHoxZFv4QlWn780H5u":{"registrationId":1750550496,"currentRatchet":{"ephemeralKeyPair":{"pubKey":"BTl/U2BAUfCSTx5Kh/HDebCUp+RucQGVuVhRXIopdrVI","privKey":"AJbtWlUfJxqwYWETQi4tCHWgB2XYJbwAS8J3gziUuWQ="},"lastRemoteEphemeralKey":"BbjC5KBVC8pDNBKp4IBtFaIvsGRJeCjkgVS1lh8MR6NC","previousCounter":0,"rootKey":"jE/pvsmuveHTd+bRj3WM3Q0G2oMomxNC9/d+fw03Sac="},"indexInfo":{"baseKey":"BWFYdbmDpbNFgdgm0fPmZYXPxggHoxZFv4QlWn780H5u","baseKeyType":1,"closed":1713021940607,"used":1713021898349,"created":1713021898349,"remoteIdentityKey":"BUX38MlH+tEYliWYs2vL2ZmCboBJCyTgTA/ZZa4trHR3"},"_chains":{"BTl/U2BAUfCSTx5Kh/HDebCUp+RucQGVuVhRXIopdrVI":{"chainKey":{"counter":-1,"key":"TZOY9WU0VYO2tbjU5q80lYuR4gmkjGTOkZZGmPu+cho="},"chainType":1,"messageKeys":{}}},"pendingPreKey":{"signedKeyId":4,"baseKey":"BWFYdbmDpbNFgdgm0fPmZYXPxggHoxZFv4QlWn780H5u","preKeyId":1111454}},"BSVTrXRGTVv3J3cKuTUGjUvyyTNy1Ebp3hv7VxCVQkol":{"registrationId":1750550496,"currentRatchet":{"ephemeralKeyPair":{"pubKey":"BevMIPzqdpp0G5jj2cZ2o29kCePXgK0dnYFZAc0TP6lY","privKey":"AN8q6krJSbkLnPOgmTLUVb4gQLApXvDHwKxN5xk4kH4="},"lastRemoteEphemeralKey":"BbjC5KBVC8pDNBKp4IBtFaIvsGRJeCjkgVS1lh8MR6NC","previousCounter":0,"rootKey":"xYGtf/VyIe2/dHRk7Z2M2yJ5M+YBxAx3hRA8677DxMg="},"indexInfo":{"baseKey":"BSVTrXRGTVv3J3cKuTUGjUvyyTNy1Ebp3hv7VxCVQkol","baseKeyType":1,"closed":1713021951956,"used":1713021940604,"created":1713021940604,"remoteIdentityKey":"BUX38MlH+tEYliWYs2vL2ZmCboBJCyTgTA/ZZa4trHR3"},"_chains":{"BevMIPzqdpp0G5jj2cZ2o29kCePXgK0dnYFZAc0TP6lY":{"chainKey":{"counter":-1,"key":"fIr7vzfO6qvNKlL7UE2SJUiYxII6lvdeTbTquhy4kRs="},"chainType":1,"messageKeys":{}}},"pendingPreKey":{"signedKeyId":4,"baseKey":"BSVTrXRGTVv3J3cKuTUGjUvyyTNy1Ebp3hv7VxCVQkol","preKeyId":1111925}},"BRbkxDY8o2w6+XONWKsxHXLHI78jsPaDbN97zxXaz6pc":{"registrationId":1750550496,"currentRatchet":{"ephemeralKeyPair":{"pubKey":"BdlVg6K6IwaNnM7ITzRgm67fPuIXQSNb+PuYKXKVxOlH","privKey":"yHtp/MHt4i76hFldB/wGdcJKylwITqG6La9Sn9xBgmQ="},"lastRemoteEphemeralKey":"BbjC5KBVC8pDNBKp4IBtFaIvsGRJeCjkgVS1lh8MR6NC","previousCounter":0,"rootKey":"foLOuIYNAbibOFPXQWanSIIkLMAaUz22+Jl0AlR88lc="},"indexInfo":{"baseKey":"BRbkxDY8o2w6+XONWKsxHXLHI78jsPaDbN97zxXaz6pc","baseKeyType":1,"closed":1713021975690,"used":1713021951953,"created":1713021951953,"remoteIdentityKey":"BUX38MlH+tEYliWYs2vL2ZmCboBJCyTgTA/ZZa4trHR3"},"_chains":{"BdlVg6K6IwaNnM7ITzRgm67fPuIXQSNb+PuYKXKVxOlH":{"chainKey":{"counter":-1,"key":"53kLRQAjS/6exrTr47G3BqaC2LvaZc7fglIC9HK4DGw="},"chainType":1,"messageKeys":{}}},"pendingPreKey":{"signedKeyId":4,"baseKey":"BRbkxDY8o2w6+XONWKsxHXLHI78jsPaDbN97zxXaz6pc","preKeyId":1111352}},"BeYFi0EQYk0rSadGsRDQTgZXhmQRj4WXnlBhSqfCtggN":{"registrationId":1750550496,"currentRatchet":{"ephemeralKeyPair":{"pubKey":"BYrctQRJhISXzyJ6zkWdYyyXe6KxC1br1EkB9tdq1cJD","privKey":"WGj/3AgiqVaRmyuu55r/wbGDcnuYwzBmsvpYYPFSZUs="},"lastRemoteEphemeralKey":"BbjC5KBVC8pDNBKp4IBtFaIvsGRJeCjkgVS1lh8MR6NC","previousCounter":0,"rootKey":"QUpYwGvz79pJUJZdAzCx0ySAy7R+NtNMyCPah3uIn0o="},"indexInfo":{"baseKey":"BeYFi0EQYk0rSadGsRDQTgZXhmQRj4WXnlBhSqfCtggN","baseKeyType":1,"closed":1713021978279,"used":1713021975686,"created":1713021975686,"remoteIdentityKey":"BUX38MlH+tEYliWYs2vL2ZmCboBJCyTgTA/ZZa4trHR3"},"_chains":{"BYrctQRJhISXzyJ6zkWdYyyXe6KxC1br1EkB9tdq1cJD":{"chainKey":{"counter":-1,"key":"j2qx4zGGdYxGREJ1wQJ/f/drADfFb5BaqLEi74pjp7E="},"chainType":1,"messageKeys":{}}},"pendingPreKey":{"signedKeyId":4,"baseKey":"BeYFi0EQYk0rSadGsRDQTgZXhmQRj4WXnlBhSqfCtggN","preKeyId":1111453}},"BU12FWuoieQHjODtqXhm5nYJOAwptwuk2WzeqxUMVJYQ":{"registrationId":1750550496,"currentRatchet":{"ephemeralKeyPair":{"pubKey":"BdFN+c1x+9U0+/Klh6I9mpyBruA3Q+XWKlKaupJHS3ww","privKey":"QK/TBh8tFHyvfIGTPDDVJt2R6+Bgxl9PQo5ms92tgVw="},"lastRemoteEphemeralKey":"BbjC5KBVC8pDNBKp4IBtFaIvsGRJeCjkgVS1lh8MR6NC","previousCounter":0,"rootKey":"n1O1py9+sW6U9FyE+ThOb/K1hWSVgSbQ0WeAXTuY75k="},"indexInfo":{"baseKey":"BU12FWuoieQHjODtqXhm5nYJOAwptwuk2WzeqxUMVJYQ","baseKeyType":1,"closed":1713021987662,"used":1713021978276,"created":1713021978276,"remoteIdentityKey":"BUX38MlH+tEYliWYs2vL2ZmCboBJCyTgTA/ZZa4trHR3"},"_chains":{"BdFN+c1x+9U0+/Klh6I9mpyBruA3Q+XWKlKaupJHS3ww":{"chainKey":{"counter":-1,"key":"hoycWuRfr4CvcYp4cdzh3b/YosldA3Pe1pVxMnjXkrg="},"chainType":1,"messageKeys":{}}},"pendingPreKey":{"signedKeyId":4,"baseKey":"BU12FWuoieQHjODtqXhm5nYJOAwptwuk2WzeqxUMVJYQ","preKeyId":1111923}},"BavsFBNGbnr2zGOqMNU0XpUE20LmYnh4bYg2NwZq6t4o":{"registrationId":1750550496,"currentRatchet":{"ephemeralKeyPair":{"pubKey":"BbSGNbaJ7G4xlZly2d+LJUWXaqOiQTdnWE+rDTiA8gw6","privKey":"8A4DwNSLROQM2nnb1Y7tVJD7Ps4abwhvHgb6hu9NFW8="},"lastRemoteEphemeralKey":"BbjC5KBVC8pDNBKp4IBtFaIvsGRJeCjkgVS1lh8MR6NC","previousCounter":0,"rootKey":"AgFgixDE1bF/ESOe4sZyV9j7fwEvOlQubyiYhlhXpQI="},"indexInfo":{"baseKey":"BavsFBNGbnr2zGOqMNU0XpUE20LmYnh4bYg2NwZq6t4o","baseKeyType":1,"closed":-1,"used":1713021987659,"created":1713021987659,"remoteIdentityKey":"BUX38MlH+tEYliWYs2vL2ZmCboBJCyTgTA/ZZa4trHR3"},"_chains":{"BbSGNbaJ7G4xlZly2d+LJUWXaqOiQTdnWE+rDTiA8gw6":{"chainKey":{"counter":0,"key":"b98Xqzlyprzd4M61W2SduWNc5YuLgeF5yRU+hEamNus="},"chainType":1,"messageKeys":{}}},"pendingPreKey":{"signedKeyId":4,"baseKey":"BavsFBNGbnr2zGOqMNU0XpUE20LmYnh4bYg2NwZq6t4o","preKeyId":1112053}}},"version":"v1"}